accession_number,thumbnailUrl
AR00001,AR/AR00001_8.jpg
AR00002,AR/AR00002_8.jpg
AR00003,AR/AR00003_8.jpg
AR00004,AR/AR00004_8.jpg
AR00005,AR/AR00005_8.jpg
AR00006,AR/AR00006_8.jpg
AR00007,AR/AR00007_8.jpg
AR00008,AR/AR00008_8.jpg
AR00009,AR/AR00009_8.jpg
AR00010,AR/AR00010_8.jpg
AR00011,AR/AR00011_8.jpg
AR00012,AR/AR00012_8.jpg
AR00013,AR/AR00013_8.jpg
AR00014,AR/AR00014_8.jpg
AR00015,AR/AR00015_8.jpg
AR00016,AR/AR00016_8.jpg
AR00017,AR/AR00017_8.jpg
AR00018,AR/AR00018_8.jpg
AR00019,AR/AR00019_8.jpg
AR00020,AR/AR00020_8.jpg
AR00021,AR/AR00021_8.jpg
AR00022,AR/AR00022_8.jpg
AR00023,AR/AR00023_8.jpg
AR00024,AR/AR00024_8.jpg
AR00025,AR/AR00025_8.jpg
AR00026,AR/AR00026_8.jpg
AR00027,AR/AR00027_8.jpg
AR00028,AR/AR00028_8.jpg
AR00029,AR/AR00029_8.jpg
AR00030,AR/AR00030_8.jpg
AR00031,AR/AR00031_8.jpg
AR00032,AR/AR00032_8.jpg
AR00033,AR/AR00033_8.jpg
AR00034,AR/AR00034_8.jpg
AR00035,AR/AR00035_8.jpg
AR00036,AR/AR00036_8.jpg
AR00037,AR/AR00037_8.jpg
AR00038,AR/AR00038_8.jpg
AR00039,
AR00040,
AR00041,AR/AR00041_8.jpg
AR00042,AR/AR00042_8.jpg
AR00043,AR/AR00043_8.jpg
AR00044,AR/AR00044_8.jpg
AR00045,AR/AR00045_8.jpg
AR00046,AR/AR00046_8.jpg
AR00047,AR/AR00047_8.jpg
AR00048,AR/AR00048_8.jpg
AR00049,AR/AR00049_8.jpg
AR00050,AR/AR00050_8.jpg
AR00051,AR/AR00051_8.jpg
AR00052,AR/AR00052_8.jpg
AR00053,AR/AR00053_8.jpg
AR00054,AR/AR00054_8.jpg
AR00055,AR/AR00055_8.jpg
AR00056,AR/AR00056_8.jpg
AR00057,AR/AR00057_8.jpg
AR00058,AR/AR00058_8.jpg
AR00059,AR/AR00059_8.jpg
AR00060,AR/AR00060_8.jpg
AR00061,AR/AR00061_8.jpg
AR00062,AR/AR00062_8.jpg
AR00063,AR/AR00063_8.jpg
AR00064,AR/AR00064_8.jpg
AR00065,AR/AR00065_8.jpg
AR00066,AR/AR00066_8.jpg
AR00067,AR/AR00067_8.jpg
AR00068,AR/AR00068_8.jpg
AR00069,AR/AR00069_8.jpg
AR00070,AR/AR00070_8.jpg
AR00071,AR/AR00071_8.jpg
AR00072,AR/AR00072_8.jpg
AR00073,AR/AR00073_8.jpg
AR00074,AR/AR00074_8.jpg
AR00075,AR/AR00075_8.jpg
AR00076,AR/AR00076_8.jpg
AR00077,AR/AR00077_8.jpg
AR00078,AR/AR00078_8.jpg
AR00079,AR/AR00079_8.jpg
AR00080,AR/AR00080_8.jpg
AR00081,AR/AR00081_8.jpg
AR00082,AR/AR00082_8.jpg
AR00083,AR/AR00083_8.jpg
AR00084,AR/AR00084_8.jpg
AR00085,
AR00086,AR/AR00086_8.jpg
AR00087,AR/AR00087_8.jpg
AR00088,AR/AR00088_8.jpg
AR00089,AR/AR00089_8.jpg
AR00090,AR/AR00090_8.jpg
AR00091,AR/AR00091_8.jpg
AR00092,AR/AR00092_8.jpg
AR00093,AR/AR00093_8.jpg
AR00094,AR/AR00094_8.jpg
AR00095,AR/AR00095_8.jpg
AR00096,AR/AR00096_8.jpg
AR00097,AR/AR00097_8.jpg
AR00098,AR/AR00098_8.jpg
AR00099,AR/AR00099_8.jpg
AR00100,AR/AR00100_8.jpg
AR00101,AR/AR00101_8.jpg
AR00102,AR/AR00102_8.jpg
AR00103,AR/AR00103_8.jpg
AR00104,AR/AR00104_8.jpg
AR00105,AR/AR00105_8.jpg
AR00106,AR/AR00106_8.jpg
AR00107,AR/AR00107_8.jpg
AR00108,AR/AR00108_8.jpg
AR00109,AR/AR00109_8.jpg
AR00110,AR/AR00110_8.jpg
AR00111,AR/AR00111_8.jpg
AR00112,AR/AR00112_8.jpg
AR00113,AR/AR00113_8.jpg
AR00114,AR/AR00114_8.jpg
AR00115,AR/AR00115_8.jpg
AR00116,AR/AR00116_8.jpg
AR00117,AR/AR00117_8.jpg
AR00118,AR/AR00118_8.jpg
AR00119,AR/AR00119_8.jpg
AR00120,AR/AR00120_8.jpg
AR00121,AR/AR00121_8.jpg
AR00122,AR/AR00122_8.jpg
AR00123,AR/AR00123_8.jpg
AR00124,AR/AR00124_8.jpg
AR00125,AR/AR00125_8.jpg
AR00126,AR/AR00126_8.jpg
AR00127,AR/AR00127_8.jpg
AR00128,AR/AR00128_8.jpg
AR00129,AR/AR00129_8.jpg
AR00130,AR/AR00130_8.jpg
AR00131,AR/AR00131_8.jpg
AR00132,AR/AR00132_8.jpg
AR00133,AR/AR00133_8.jpg
AR00134,AR/AR00134_8.jpg
AR00135,AR/AR00135_8.jpg
AR00136,AR/AR00136_8.jpg
AR00137,AR/AR00137_8.jpg
AR00138,AR/AR00138_8.jpg
AR00139,AR/AR00139_8.jpg
AR00140,AR/AR00140_8.jpg
AR00141,AR/AR00141_8.jpg
AR00142,AR/AR00142_8.jpg
AR00143,AR/AR00143_8.jpg
AR00144,AR/AR00144_8.jpg
AR00145,AR/AR00145_8.jpg
AR00146,AR/AR00146_8.jpg
AR00147,AR/AR00147_8.jpg
AR00148,AR/AR00148_8.jpg
AR00149,AR/AR00149_8.jpg
AR00150,AR/AR00150_8.jpg
AR00151,AR/AR00151_8.jpg
AR00152,AR/AR00152_8.jpg
AR00153,AR/AR00153_8.jpg
AR00154,AR/AR00154_8.jpg
AR00155,AR/AR00155_8.jpg
AR00156,AR/AR00156_8.jpg
AR00157,AR/AR00157_8.jpg
AR00158,AR/AR00158_8.jpg
AR00159,AR/AR00159_8.jpg
AR00160,AR/AR00160_8.jpg
AR00161,AR/AR00161_8.jpg
AR00162,AR/AR00162_8.jpg
AR00163,AR/AR00163_8.jpg
AR00164,AR/AR00164_8.jpg
AR00165,AR/AR00165_8.jpg
AR00166,AR/AR00166_8.jpg
AR00167,AR/AR00167_8.jpg
AR00168,AR/AR00168_8.jpg
AR00169,AR/AR00169_8.jpg
AR00170,AR/AR00170_8.jpg
AR00171,AR/AR00171_8.jpg
AR00172,AR/AR00172_8.jpg
AR00173,AR/AR00173_8.jpg
AR00174,AR/AR00174_8.jpg
AR00175,AR/AR00175_8.jpg
AR00176,AR/AR00176_8.jpg
AR00177,AR/AR00177_8.jpg
AR00178,AR/AR00178_8.jpg
AR00179,AR/AR00179_8.jpg
AR00180,AR/AR00180_8.jpg
AR00181,AR/AR00181_8.jpg
AR00182,AR/AR00182_8.jpg
AR00183,AR/AR00183_8.jpg
AR00184,AR/AR00184_8.jpg
AR00185,AR/AR00185_8.jpg
AR00186,AR/AR00186_8.jpg
AR00187,AR/AR00187_8.jpg
AR00188,AR/AR00188_8.jpg
AR00189,AR/AR00189_8.jpg
AR00190,AR/AR00190_8.jpg
AR00191,AR/AR00191_8.jpg
AR00192,AR/AR00192_8.jpg
AR00193,AR/AR00193_8.jpg
AR00194,AR/AR00194_8.jpg
AR00195,AR/AR00195_8.jpg
AR00196,AR/AR00196_8.jpg
AR00197,AR/AR00197_8.jpg
AR00198,AR/AR00198_8.jpg
AR00199,
AR00200,
AR00201,AR/AR00201_8.jpg
AR00202,AR/AR00202_8.jpg
AR00203,AR/AR00203_8.jpg
AR00204,AR/AR00204_8.jpg
AR00205,AR/AR00205_8.jpg
AR00206,AR/AR00206_8.jpg
AR00207,AR/AR00207_8.jpg
AR00208,AR/AR00208_8.jpg
AR00209,AR/AR00209_8.jpg
AR00210,AR/AR00210_8.jpg
AR00211,AR/AR00211_8.jpg
AR00212,AR/AR00212_8.jpg
AR00213,AR/AR00213_8.jpg
AR00214,AR/AR00214_8.jpg
AR00215,AR/AR00215_8.jpg
AR00216,AR/AR00216_8.jpg
AR00217,AR/AR00217_8.jpg
AR00218,AR/AR00218_8.jpg
AR00219,AR/AR00219_8.jpg
AR00220,AR/AR00220_8.jpg
AR00221,AR/AR00221_8.jpg
AR00222,AR/AR00222_8.jpg
AR00223,AR/AR00223_8.jpg
AR00224,AR/AR00224_8.jpg
AR00225,AR/AR00225_8.jpg
AR00226,AR/AR00226_8.jpg
AR00227,AR/AR00227_8.jpg
AR00228,AR/AR00228_8.jpg
AR00229,AR/AR00229_8.jpg
AR00230,
AR00231,
AR00232,
AR00233,
AR00234,
AR00235,
AR00236,
AR00237,
AR00238,
AR00239,
AR00240,
AR00241,
AR00242,
AR00243,
AR00244,
AR00245,
AR00246,
AR00247,
AR00248,
AR00249,
AR00250,
AR00251,
AR00252,
AR00253,
AR00254,
AR00255,
AR00256,
AR00257,
AR00258,
AR00259,
AR00260,
AR00261,
AR00262,
AR00263,
AR00264,
AR00265,
AR00266,
AR00267,
AR00268,
AR00269,
AR00270,
AR00271,
AR00272,
AR00273,
AR00274,
AR00275,
AR00276,
AR00277,
AR00278,
AR00279,
AR00280,
AR00281,
AR00282,
AR00283,
AR00284,
AR00285,
AR00286,
AR00287,
AR00288,
AR00289,
AR00290,
AR00291,
AR00292,
AR00293,
AR00294,
AR00295,
AR00296,
AR00297,
AR00298,
AR00299,
AR00300,
AR00301,
AR00302,
AR00303,
AR00304,
AR00305,
AR00306,
AR00307,
AR00308,
AR00309,
AR00310,
AR00311,
AR00312,
AR00313,
AR00314,
AR00315,
AR00316,
AR00317,
AR00318,
AR00319,
AR00320,
AR00321,
AR00322,
AR00323,
AR00324,
AR00325,
AR00326,
AR00327,
AR00328,
AR00329,
AR00330,
AR00331,
AR00332,
AR00333,
AR00334,
AR00335,
AR00336,
AR00337,
AR00338,
AR00339,
AR00340,
AR00341,
AR00342,AR/AR00342_8.jpg
AR00343,AR/AR00343_8.jpg
AR00344,AR/AR00344_8.jpg
AR00345,AR/AR00345_8.jpg
AR00346,AR/AR00346_8.jpg
AR00347,AR/AR00347_8.jpg
AR00348,AR/AR00348_8.jpg
AR00349,AR/AR00349_8.jpg
AR00350,AR/AR00350_8.jpg
AR00351,AR/AR00351_8.jpg
AR00352,AR/AR00352_8.jpg
AR00353,AR/AR00353_8.jpg
AR00354,AR/AR00354_8.jpg
AR00355,AR/AR00355_8.jpg
AR00356,AR/AR00356_8.jpg
AR00357,AR/AR00357_8.jpg
AR00358,AR/AR00358_8.jpg
AR00359,AR/AR00359_8.jpg
AR00360,AR/AR00360_8.jpg
AR00361,AR/AR00361_8.jpg
AR00362,AR/AR00362_8.jpg
AR00363,AR/AR00363_8.jpg
AR00364,AR/AR00364_8.jpg
AR00365,
AR00366,
AR00367,
AR00368,
AR00369,
AR00370,
AR00371,
AR00372,
AR00373,
AR00374,
AR00375,
AR00376,
AR00377,
AR00378,
AR00379,
AR00380,
AR00381,
AR00382,
AR00383,
AR00384,
AR00385,
AR00386,
AR00387,
AR00388,
AR00389,
AR00390,
AR00391,
AR00392,
AR00393,
AR00394,
AR00395,
AR00396,
AR00397,
AR00398,
AR00399,
AR00400,
AR00401,
AR00402,
AR00403,
AR00404,
AR00405,
AR00406,
AR00407,
AR00408,
AR00409,
AR00410,
AR00411,
AR00412,
AR00413,
AR00414,
AR00415,
AR00416,
AR00417,
AR00418,
AR00419,
AR00420,
AR00421,
AR00422,
AR00423,
AR00424,
AR00425,
AR00426,
AR00427,
AR00428,
AR00429,
AR00430,
AR00431,
AR00432,
AR00433,
AR00434,
AR00435,
AR00436,
AR00437,
AR00438,
AR00439,
AR00440,
AR00441,
AR00442,
AR00443,
AR00444,
AR00445,
AR00446,
AR00447,
AR00448,
AR00449,
AR00450,
AR00451,
AR00452,
AR00453,
AR00454,
AR00455,
AR00456,
AR00457,
AR00458,
AR00459,
AR00460,
AR00461,
AR00462,
AR00463,
AR00464,
AR00465,
AR00466,
AR00467,AR/AR00467_8.jpg
AR00468,AR/AR00468_8.jpg
AR00469,AR/AR00469_8.jpg
AR00470,AR/AR00470_8.jpg
AR00471,AR/AR00471_8.jpg
AR00472,AR/AR00472_8.jpg
AR00473,AR/AR00473_8.jpg
AR00474,AR/AR00474_8.jpg
AR00475,AR/AR00475_8.jpg
AR00476,AR/AR00476_8.jpg
AR00477,AR/AR00477_8.jpg
AR00478,AR/AR00478_8.jpg
AR00479,AR/AR00479_8.jpg
AR00480,AR/AR00480_8.jpg
AR00481,AR/AR00481_8.jpg
AR00482,AR/AR00482_8.jpg
AR00483,AR/AR00483_8.jpg
AR00484,AR/AR00484_8.jpg
AR00485,AR/AR00485_8.jpg
AR00486,AR/AR00486_8.jpg
AR00487,AR/AR00487_8.jpg
AR00488,AR/AR00488_8.jpg
AR00489,AR/AR00489_8.jpg
AR00490,AR/AR00490_8.jpg
AR00491,AR/AR00491_8.jpg
AR00492,AR/AR00492_8.jpg
AR00493,AR/AR00493_8.jpg
AR00494,AR/AR00494_8.jpg
AR00495,AR/AR00495_8.jpg
AR00496,AR/AR00496_8.jpg
AR00497,AR/AR00497_8.jpg
AR00498,AR/AR00498_8.jpg
AR00499,AR/AR00499_8.jpg
AR00500,AR/AR00500_8.jpg
AR00501,
AR00502,
AR00503,
AR00504,AR/AR00504_8.jpg
AR00505,AR/AR00505_8.jpg
AR00506,
AR00507,
AR00508,
AR00509,
AR00510,
AR00511,
AR00512,
AR00513,
AR00514,
AR00515,
AR00516,
AR00517,
AR00518,
AR00519,
AR00520,
AR00521,
AR00522,
AR00523,
AR00524,
AR00525,
AR00526,
AR00527,
AR00528,
AR00529,
AR00530,
AR00531,
AR00532,
AR00533,
AR00534,
AR00535,
AR00536,
AR00537,
AR00538,
AR00539,
AR00540,
AR00541,
AR00542,
AR00543,
AR00544,
AR00545,
AR00546,
AR00547,
AR00548,
AR00549,
AR00550,
AR00551,
AR00552,
AR00553,
AR00554,
AR00555,
AR00556,
AR00557,
AR00558,
AR00559,
AR00560,
AR00561,
AR00562,
AR00563,
AR00564,
AR00565,
AR00566,
AR00567,
AR00568,
AR00569,
AR00570,
AR00571,
AR00572,
AR00573,
AR00574,
AR00575,AR/AR00575_8.jpg
AR00576,AR/AR00576_8.jpg
AR00577,
AR00578,AR/AR00578_8.jpg
AR00579,AR/AR00579_8.jpg
AR00580,AR/AR00580_8.jpg
AR00581,AR/AR00581_8.jpg
AR00582,AR/AR00582_8.jpg
AR00583,AR/AR00583_8.jpg
AR00584,AR/AR00584_8.jpg
AR00585,AR/AR00585_8.jpg
AR00586,AR/AR00586_8.jpg
AR00587,
AR00588,
AR00589,
AR00590,
AR00591,
AR00592,
AR00593,
AR00594,
AR00595,
AR00596,AR/AR00596_8.jpg
AR00597,AR/AR00597_8.jpg
AR00598,AR/AR00598_8.jpg
AR00599,AR/AR00599_8.jpg
AR00600,AR/AR00600_8.jpg
AR00601,AR/AR00601_8.jpg
AR00602,AR/AR00602_8.jpg
AR00603,AR/AR00603_8.jpg
AR00604,AR/AR00604_8.jpg
AR00605,AR/AR00605_8.jpg
AR00606,AR/AR00606_8.jpg
AR00607,AR/AR00607_8.jpg
AR00608,AR/AR00608_8.jpg
AR00609,
AR00610,
AR00611,
AR00612,
AR00613,AR/AR00613_8.jpg
AR00614,AR/AR00614_8.jpg
AR00615,
AR00616,AR/AR00616_8.jpg
AR00617,AR/AR00617_8.jpg
AR00618,AR/AR00618_8.jpg
AR00619,AR/AR00619_8.jpg
AR00620,
AR00621,AR/AR00621_8.jpg
AR00622,AR/AR00622_8.jpg
AR00623,AR/AR00623_8.jpg
AR00624,AR/AR00624_8.jpg
AR00625,AR/AR00625_8.jpg
AR00626,AR/AR00626_8.jpg
AR00627,AR/AR00627_8.jpg
AR00628,AR/AR00628_8.jpg
AR00629,AR/AR00629_8.jpg
AR00630,AR/AR00630_8.jpg
AR00631,AR/AR00631_8.jpg
AR00632,AR/AR00632_8.jpg
AR00633,AR/AR00633_8.jpg
AR00634,AR/AR00634_8.jpg
AR00635,AR/AR00635_8.jpg
AR00636,AR/AR00636_8.jpg
AR00637,AR/AR00637_8.jpg
AR00638,AR/AR00638_8.jpg
AR00639,AR/AR00639_8.jpg
AR00640,AR/AR00640_8.jpg
AR00641,AR/AR00641_8.jpg
AR00642,AR/AR00642_8.jpg
AR00643,AR/AR00643_8.jpg
AR00644,AR/AR00644_8.jpg
AR00645,AR/AR00645_8.jpg
AR00646,AR/AR00646_8.jpg
AR00647,AR/AR00647_8.jpg
AR00648,AR/AR00648_8.jpg
AR00649,AR/AR00649_8.jpg
AR00650,AR/AR00650_8.jpg
AR00651,AR/AR00651_8.jpg
AR00652,AR/AR00652_8.jpg
AR00653,AR/AR00653_8.jpg
AR00654,AR/AR00654_8.jpg
AR00655,AR/AR00655_8.jpg
AR00656,AR/AR00656_8.jpg
AR00657,AR/AR00657_8.jpg
AR00658,AR/AR00658_8.jpg
AR00659,AR/AR00659_8.jpg
AR00660,AR/AR00660_8.jpg
AR00661,AR/AR00661_8.jpg
AR00662,AR/AR00662_8.jpg
AR00663,AR/AR00663_8.jpg
AR00664,AR/AR00664_8.jpg
AR00665,AR/AR00665_8.jpg
AR00666,AR/AR00666_8.jpg
AR00667,AR/AR00667_8.jpg
AR00668,AR/AR00668_8.jpg
AR00669,AR/AR00669_8.jpg
AR00670,AR/AR00670_8.jpg
AR00671,AR/AR00671_8.jpg
AR00672,AR/AR00672_8.jpg
AR00673,AR/AR00673_8.jpg
AR00674,AR/AR00674_8.jpg
AR00675,AR/AR00675_8.jpg
AR00676,AR/AR00676_8.jpg
AR00677,AR/AR00677_8.jpg
AR00678,AR/AR00678_8.jpg
AR00679,AR/AR00679_8.jpg
AR00680,AR/AR00680_8.jpg
AR00681,AR/AR00681_8.jpg
AR00682,AR/AR00682_8.jpg
AR00683,AR/AR00683_8.jpg
AR00684,AR/AR00684_8.jpg
AR00685,AR/AR00685_8.jpg
AR00686,AR/AR00686_8.jpg
AR00687,AR/AR00687_8.jpg
AR00688,AR/AR00688_8.jpg
AR00689,AR/AR00689_8.jpg
AR00690,AR/AR00690_8.jpg
AR00691,AR/AR00691_8.jpg
AR00692,AR/AR00692_8.jpg
AR00693,AR/AR00693_8.jpg
AR00694,AR/AR00694_8.jpg
AR00695,AR/AR00695_8.jpg
AR00696,AR/AR00696_8.jpg
AR00697,AR/AR00697_8.jpg
AR00698,AR/AR00698_8.jpg
AR00699,AR/AR00699_8.jpg
AR00700,AR/AR00700_8.jpg
AR00701,AR/AR00701_8.jpg
AR00702,AR/AR00702_8.jpg
AR00703,AR/AR00703_8.jpg
AR00704,AR/AR00704_8.jpg
AR00705,AR/AR00705_8.jpg
AR00706,AR/AR00706_8.jpg
AR00707,AR/AR00707_8.jpg
AR00708,AR/AR00708_8.jpg
AR00709,AR/AR00709_8.jpg
AR00710,AR/AR00710_8.jpg
AR00711,AR/AR00711_8.jpg
AR00712,AR/AR00712_8.jpg
AR00713,AR/AR00713_8.jpg
AR00714,AR/AR00714_8.jpg
AR00715,AR/AR00715_8.jpg
AR00716,AR/AR00716_8.jpg
AR00717,AR/AR00717_8.jpg
AR00718,AR/AR00718_8.jpg
AR00719,AR/AR00719_8.jpg
AR00720,AR/AR00720_8.jpg
AR00721,AR/AR00721_8.jpg
AR00722,AR/AR00722_8.jpg
AR00723,AR/AR00723_8.jpg
AR00724,AR/AR00724_8.jpg
AR00725,AR/AR00725_8.jpg
AR00726,AR/AR00726_8.jpg
AR00727,AR/AR00727_8.jpg
AR00728,AR/AR00728_8.jpg
AR00729,AR/AR00729_8.jpg
AR00730,AR/AR00730_8.jpg
AR00731,AR/AR00731_8.jpg
AR00732,AR/AR00732_8.jpg
AR00733,AR/AR00733_8.jpg
AR00734,AR/AR00734_8.jpg
AR00735,AR/AR00735_8.jpg
AR00736,AR/AR00736_8.jpg
AR00737,AR/AR00737_8.jpg
AR00738,AR/AR00738_8.jpg
AR00739,AR/AR00739_8.jpg
AR00740,AR/AR00740_8.jpg
AR00741,AR/AR00741_8.jpg
AR00742,AR/AR00742_8.jpg
AR00743,AR/AR00743_8.jpg
AR00744,AR/AR00744_8.jpg
AR00745,AR/AR00745_8.jpg
AR00746,AR/AR00746_8.jpg
AR00747,
AR00748,
AR00749,
AR00750,
AR00751,
AR00752,
AR00753,
AR00754,
AR00755,
AR00756,
AR00757,
AR00758,
AR00759,
AR00760,
AR00761,
AR00762,
AR00763,
AR00764,
AR00765,
AR00766,
AR00767,
AR00768,
AR00769,
AR00770,
AR00771,
AR00772,
AR00773,
AR00774,
AR00775,
AR00776,
AR00777,
AR00778,AR/AR00778_8.jpg
AR00779,AR/AR00779_8.jpg
AR00780,AR/AR00780_8.jpg
AR00781,AR/AR00781_8.jpg
AR00782,AR/AR00782_8.jpg
AR00783,AR/AR00783_8.jpg
AR00784,AR/AR00784_8.jpg
AR00785,AR/AR00785_8.jpg
AR00786,AR/AR00786_8.jpg
AR00787,AR/AR00787_8.jpg
AR00788,AR/AR00788_8.jpg
AR00789,AR/AR00789_8.jpg
AR00790,AR/AR00790_8.jpg
AR00791,AR/AR00791_8.jpg
AR00792,AR/AR00792_8.jpg
AR00793,AR/AR00793_8.jpg
AR00794,AR/AR00794_8.jpg
AR00795,AR/AR00795_8.jpg
AR00796,AR/AR00796_8.jpg
AR00797,AR/AR00797_8.jpg
AR00798,AR/AR00798_8.jpg
AR00799,AR/AR00799_8.jpg
AR00800,AR/AR00800_8.jpg
AR00801,AR/AR00801_8.jpg
AR00802,AR/AR00802_8.jpg
AR00803,AR/AR00803_8.jpg
AR00804,AR/AR00804_8.jpg
AR00805,AR/AR00805_8.jpg
AR00806,AR/AR00806_8.jpg
AR00807,AR/AR00807_8.jpg
AR00808,AR/AR00808_8.jpg
AR00809,AR/AR00809_8.jpg
AR00810,AR/AR00810_8.jpg
AR00811,AR/AR00811_8.jpg
AR00812,AR/AR00812_8.jpg
AR00813,AR/AR00813_8.jpg
AR00814,AR/AR00814_8.jpg
AR00815,AR/AR00815_8.jpg
AR00816,AR/AR00816_8.jpg
AR00817,
AR00818,AR/AR00818_8.jpg
AR00819,AR/AR00819_8.jpg
AR00820,AR/AR00820_8.jpg
AR00821,AR/AR00821_8.jpg
AR00822,AR/AR00822_8.jpg
AR00823,AR/AR00823_8.jpg
AR00824,AR/AR00824_8.jpg
AR00825,AR/AR00825_8.jpg
AR00826,AR/AR00826_8.jpg
AR00827,AR/AR00827_8.jpg
AR00828,AR/AR00828_8.jpg
AR00829,AR/AR00829_8.jpg
AR00830,AR/AR00830_8.jpg
AR00831,AR/AR00831_8.jpg
AR00832,AR/AR00832_8.jpg
AR00833,AR/AR00833_8.jpg
AR00834,AR/AR00834_8.jpg
AR00835,AR/AR00835_8.jpg
AR00836,AR/AR00836_8.jpg
AR00837,AR/AR00837_8.jpg
AR00838,AR/AR00838_8.jpg
AR00839,AR/AR00839_8.jpg
AR00840,AR/AR00840_8.jpg
AR00841,AR/AR00841_8.jpg
AR00842,AR/AR00842_8.jpg
AR00843,AR/AR00843_8.jpg
AR00844,AR/AR00844_8.jpg
AR00845,AR/AR00845_8.jpg
AR00846,AR/AR00846_8.jpg
AR00847,AR/AR00847_8.jpg
AR00848,AR/AR00848_8.jpg
AR00849,AR/AR00849_8.jpg
AR00850,AR/AR00850_8.jpg
AR00851,AR/AR00851_8.jpg
AR00852,AR/AR00852_8.jpg
AR00853,AR/AR00853_8.jpg
AR00854,AR/AR00854_8.jpg
AR00855,AR/AR00855_8.jpg
AR00856,AR/AR00856_8.jpg
AR00857,AR/AR00857_8.jpg
AR00858,AR/AR00858_8.jpg
AR00859,AR/AR00859_8.jpg
AR00860,AR/AR00860_8.jpg
AR00861,
AR00862,AR/AR00862_8.jpg
AR00863,AR/AR00863_8.jpg
AR00864,AR/AR00864_8.jpg
AR00865,AR/AR00865_8.jpg
AR00866,AR/AR00866_8.jpg
AR00867,AR/AR00867_8.jpg
AR00868,AR/AR00868_8.jpg
AR00869,AR/AR00869_8.jpg
AR00870,AR/AR00870_8.jpg
AR00871,AR/AR00871_8.jpg
AR00872,AR/AR00872_8.jpg
AR00873,AR/AR00873_8.jpg
AR00874,AR/AR00874_8.jpg
AR00875,AR/AR00875_8.jpg
AR00876,AR/AR00876_8.jpg
AR00877,AR/AR00877_8.jpg
AR00878,AR/AR00878_8.jpg
AR00879,AR/AR00879_8.jpg
AR00880,AR/AR00880_8.jpg
AR00881,AR/AR00881_8.jpg
AR00882,AR/AR00882_8.jpg
AR00883,AR/AR00883_8.jpg
AR00884,AR/AR00884_8.jpg
AR00885,AR/AR00885_8.jpg
AR00886,AR/AR00886_8.jpg
AR00887,AR/AR00887_8.jpg
AR00888,AR/AR00888_8.jpg
AR00889,AR/AR00889_8.jpg
AR00890,AR/AR00890_8.jpg
AR00891,
AR00892,
AR00893,AR/AR00893_8.jpg
AR00894,AR/AR00894_8.jpg
AR00895,AR/AR00895_8.jpg
AR00896,AR/AR00896_8.jpg
AR00897,
AR00898,AR/AR00898_8.jpg
AR00899,AR/AR00899_8.jpg
AR00900,AR/AR00900_8.jpg
AR00901,AR/AR00901_8.jpg
AR00902,AR/AR00902_8.jpg
AR00903,AR/AR00903_8.jpg
AR00904,
AR00905,
AR00906,AR/AR00906_8.jpg
AR00907,AR/AR00907_8.jpg
AR00908,AR/AR00908_8.jpg
AR00909,AR/AR00909_8.jpg
AR00910,
AR00911,AR/AR00911_8.jpg
AR00912,AR/AR00912_8.jpg
AR00913,AR/AR00913_8.jpg
AR00914,AR/AR00914_8.jpg
AR00915,AR/AR00915_8.jpg
AR00916,AR/AR00916_8.jpg
AR00917,AR/AR00917_8.jpg
AR00918,AR/AR00918_8.jpg
AR00919,AR/AR00919_8.jpg
AR00920,AR/AR00920_8.jpg
AR00921,AR/AR00921_8.jpg
AR00922,AR/AR00922_8.jpg
AR00923,AR/AR00923_8.jpg
AR00924,AR/AR00924_8.jpg
AR00925,AR/AR00925_8.jpg
AR00926,AR/AR00926_8.jpg
AR00927,AR/AR00927_8.jpg
AR00928,AR/AR00928_8.jpg
AR00929,AR/AR00929_8.jpg
AR00930,
AR00931,AR/AR00931_8.jpg
AR00932,AR/AR00932_8.jpg
AR00933,AR/AR00933_8.jpg
AR00934,AR/AR00934_8.jpg
AR00935,AR/AR00935_8.jpg
AR00936,AR/AR00936_8.jpg
AR00937,AR/AR00937_8.jpg
AR00938,AR/AR00938_8.jpg
AR00939,AR/AR00939_8.jpg
AR00940,AR/AR00940_8.jpg
AR00941,AR/AR00941_8.jpg
AR00942,AR/AR00942_8.jpg
AR00943,AR/AR00943_8.jpg
AR00944,AR/AR00944_8.jpg
AR00945,AR/AR00945_8.jpg
AR00946,AR/AR00946_8.jpg
AR00947,AR/AR00947_8.jpg
AR00948,AR/AR00948_8.jpg
AR00949,AR/AR00949_8.jpg
AR00950,
AR00951,AR/AR00951_8.jpg
AR00952,AR/AR00952_8.jpg
AR00953,AR/AR00953_8.jpg
AR00954,AR/AR00954_8.jpg
AR00955,AR/AR00955_8.jpg
AR00956,AR/AR00956_8.jpg
AR00957,AR/AR00957_8.jpg
AR00958,AR/AR00958_8.jpg
AR00959,AR/AR00959_8.jpg
AR00960,AR/AR00960_8.jpg
AR00961,AR/AR00961_8.jpg
AR00962,AR/AR00962_8.jpg
AR00963,AR/AR00963_8.jpg
AR00964,AR/AR00964_8.jpg
AR00965,AR/AR00965_8.jpg
AR00966,AR/AR00966_8.jpg
AR00967,AR/AR00967_8.jpg
AR00968,AR/AR00968_8.jpg
AR00969,AR/AR00969_8.jpg
AR00970,AR/AR00970_8.jpg
AR00971,AR/AR00971_8.jpg
AR00972,AR/AR00972_8.jpg
AR00973,AR/AR00973_8.jpg
AR00974,AR/AR00974_8.jpg
AR00975,AR/AR00975_8.jpg
AR00976,AR/AR00976_8.jpg
AR00977,AR/AR00977_8.jpg
AR00978,AR/AR00978_8.jpg
AR00979,AR/AR00979_8.jpg
AR00980,AR/AR00980_8.jpg
AR00981,AR/AR00981_8.jpg
AR00982,AR/AR00982_8.jpg
AR00983,AR/AR00983_8.jpg
AR00984,AR/AR00984_8.jpg
AR00985,AR/AR00985_8.jpg
AR00986,AR/AR00986_8.jpg
AR00987,AR/AR00987_8.jpg
AR00988,AR/AR00988_8.jpg
AR00989,AR/AR00989_8.jpg
AR00990,AR/AR00990_8.jpg
AR00991,AR/AR00991_8.jpg
AR00992,AR/AR00992_8.jpg
AR00993,AR/AR00993_8.jpg
AR00994,AR/AR00994_8.jpg
AR00995,AR/AR00995_8.jpg
AR00996,AR/AR00996_8.jpg
AR00997,AR/AR00997_8.jpg
AR00998,AR/AR00998_8.jpg
AR00999,AR/AR00999_8.jpg
AR01000,AR/AR01000_8.jpg
AR01001,AR/AR01001_8.jpg
AR01002,AR/AR01002_8.jpg
AR01003,AR/AR01003_8.jpg
AR01004,AR/AR01004_8.jpg
AR01005,AR/AR01005_8.jpg
AR01006,AR/AR01006_8.jpg
AR01007,AR/AR01007_8.jpg
AR01008,AR/AR01008_8.jpg
AR01009,AR/AR01009_8.jpg
AR01010,AR/AR01010_8.jpg
AR01011,AR/AR01011_8.jpg
AR01012,AR/AR01012_8.jpg
AR01013,AR/AR01013_8.jpg
AR01014,AR/AR01014_8.jpg
AR01015,AR/AR01015_8.jpg
AR01016,AR/AR01016_8.jpg
AR01017,AR/AR01017_8.jpg
AR01018,AR/AR01018_8.jpg
AR01019,AR/AR01019_8.jpg
AR01020,AR/AR01020_8.jpg
AR01021,AR/AR01021_8.jpg
AR01022,AR/AR01022_8.jpg
AR01023,AR/AR01023_8.jpg
AR01024,AR/AR01024_8.jpg
AR01025,AR/AR01025_8.jpg
AR01026,AR/AR01026_8.jpg
AR01027,AR/AR01027_8.jpg
AR01028,AR/AR01028_8.jpg
AR01029,AR/AR01029_8.jpg
AR01030,AR/AR01030_8.jpg
AR01031,AR/AR01031_8.jpg
AR01032,AR/AR01032_8.jpg
AR01033,AR/AR01033_8.jpg
AR01034,AR/AR01034_8.jpg
AR01035,AR/AR01035_8.jpg
AR01036,AR/AR01036_8.jpg
AR01037,AR/AR01037_8.jpg
AR01038,AR/AR01038_8.jpg
AR01039,AR/AR01039_8.jpg
AR01040,AR/AR01040_8.jpg
AR01041,AR/AR01041_8.jpg
AR01042,AR/AR01042_8.jpg
AR01043,AR/AR01043_8.jpg
AR01044,AR/AR01044_8.jpg
AR01045,AR/AR01045_8.jpg
AR01046,AR/AR01046_8.jpg
AR01047,AR/AR01047_8.jpg
AR01048,AR/AR01048_8.jpg
AR01049,AR/AR01049_8.jpg
AR01050,AR/AR01050_8.jpg
AR01051,AR/AR01051_8.jpg
AR01052,AR/AR01052_8.jpg
AR01053,AR/AR01053_8.jpg
AR01054,AR/AR01054_8.jpg
AR01055,AR/AR01055_8.jpg
AR01056,AR/AR01056_8.jpg
AR01057,AR/AR01057_8.jpg
AR01058,AR/AR01058_8.jpg
AR01059,AR/AR01059_8.jpg
AR01060,AR/AR01060_8.jpg
AR01061,AR/AR01061_8.jpg
AR01062,AR/AR01062_8.jpg
AR01063,AR/AR01063_8.jpg
AR01064,AR/AR01064_8.jpg
AR01065,AR/AR01065_8.jpg
AR01066,AR/AR01066_8.jpg
AR01067,AR/AR01067_8.jpg
AR01068,AR/AR01068_8.jpg
AR01069,AR/AR01069_8.jpg
AR01070,AR/AR01070_8.jpg
AR01071,AR/AR01071_8.jpg
AR01072,AR/AR01072_8.jpg
AR01073,AR/AR01073_8.jpg
AR01074,AR/AR01074_8.jpg
AR01075,AR/AR01075_8.jpg
AR01076,AR/AR01076_8.jpg
AR01077,AR/AR01077_8.jpg
AR01078,AR/AR01078_8.jpg
AR01079,AR/AR01079_8.jpg
AR01080,AR/AR01080_8.jpg
AR01081,AR/AR01081_8.jpg
AR01082,AR/AR01082_8.jpg
AR01083,AR/AR01083_8.jpg
AR01084,AR/AR01084_8.jpg
AR01085,AR/AR01085_8.jpg
AR01086,AR/AR01086_8.jpg
AR01087,AR/AR01087_8.jpg
AR01088,AR/AR01088_8.jpg
AR01089,AR/AR01089_8.jpg
AR01090,AR/AR01090_8.jpg
AR01091,AR/AR01091_8.jpg
AR01092,AR/AR01092_8.jpg
AR01093,AR/AR01093_8.jpg
AR01094,AR/AR01094_8.jpg
AR01095,AR/AR01095_8.jpg
AR01096,AR/AR01096_8.jpg
AR01097,AR/AR01097_8.jpg
AR01098,AR/AR01098_8.jpg
AR01099,AR/AR01099_8.jpg
AR01100,AR/AR01100_8.jpg
AR01101,AR/AR01101_8.jpg
AR01102,AR/AR01102_8.jpg
AR01103,AR/AR01103_8.jpg
AR01104,AR/AR01104_8.jpg
AR01105,AR/AR01105_8.jpg
AR01106,AR/AR01106_8.jpg
AR01107,AR/AR01107_8.jpg
AR01108,AR/AR01108_8.jpg
AR01109,AR/AR01109_8.jpg
AR01110,AR/AR01110_8.jpg
AR01111,AR/AR01111_8.jpg
AR01112,AR/AR01112_8.jpg
AR01113,AR/AR01113_8.jpg
AR01114,AR/AR01114_8.jpg
AR01115,AR/AR01115_8.jpg
AR01116,AR/AR01116_8.jpg
AR01117,AR/AR01117_8.jpg
AR01118,AR/AR01118_8.jpg
AR01119,AR/AR01119_8.jpg
AR01120,AR/AR01120_8.jpg
AR01121,AR/AR01121_8.jpg
AR01122,AR/AR01122_8.jpg
AR01123,AR/AR01123_8.jpg
AR01124,AR/AR01124_8.jpg
AR01125,AR/AR01125_8.jpg
AR01126,AR/AR01126_8.jpg
AR01127,AR/AR01127_8.jpg
AR01128,AR/AR01128_8.jpg
AR01129,
AR01130,
AR01131,
AR01132,AR/AR01132_8.jpg
AR01133,AR/AR01133_8.jpg
AR01134,AR/AR01134_8.jpg
AR01135,AR/AR01135_8.jpg
AR01136,AR/AR01136_8.jpg
AR01137,
AR01138,
AR01139,
AR01140,
AR01141,
AR01142,
AR01143,
AR01144,
AR01145,
AR01146,
AR01147,
AR01148,AR/AR01148_8.jpg
AR01149,AR/AR01149_8.jpg
AR01150,AR/AR01150_8.jpg
AR01151,AR/AR01151_8.jpg
AR01152,AR/AR01152_8.jpg
AR01153,AR/AR01153_8.jpg
AR01154,AR/AR01154_8.jpg
AR01155,AR/AR01155_8.jpg
AR01156,AR/AR01156_8.jpg
AR01157,AR/AR01157_8.jpg
AR01158,AR/AR01158_8.jpg
AR01159,AR/AR01159_8.jpg
AR01160,AR/AR01160_8.jpg
AR01161,AR/AR01161_8.jpg
AR01162,AR/AR01162_8.jpg
AR01163,AR/AR01163_8.jpg
AR01164,AR/AR01164_8.jpg
AR01165,AR/AR01165_8.jpg
AR01166,AR/AR01166_8.jpg
AR01167,AR/AR01167_8.jpg
AR01168,AR/AR01168_8.jpg
AR01169,AR/AR01169_8.jpg
AR01170,AR/AR01170_8.jpg
AR01171,AR/AR01171_8.jpg
AR01172,AR/AR01172_8.jpg
AR01173,
AR01174,AR/AR01174_8.jpg
AR01175,AR/AR01175_8.jpg
AR01176,
AR01177,
